Data;IFIX;IBOV;Juros;Ouro;Bitcoin;Real/USD
06.09.2024;3.386,56;134572;10,4;2524,6;53966,8;5,599
05.09.2024;3.382,37;136502;10,4;2543,1;56183,2;5,5741
04.09.2024;3.385,35;136111;10,4;2526;57973,4;5,6399
03.09.2024;3.383,71;134353;10,4;2523;57479,8;5,6454
30.08.2024;3.393,55;136004;10,4;2527,6;59119,7;5,6103
29.08.2024;3.385,87;136041;10,4;2560,3;59373,5;5,6266
28.08.2024;3.381,68;137344;10,4;2537,8;59016;5,5644
27.08.2024;3.383,92;136776;10,4;2552,9;59450,9;5,5082
26.08.2024;3.386,89;136889;10,4;2555,2;62846,2;5,495
23.08.2024;3.388,44;135608;10,4;2546,3;64053,1;5,4863
22.08.2024;3.378,64;135173;10,4;2516,7;60372,2;5,5834
21.08.2024;3.381,82;136464;10,4;2547,5;61158,1;5,4858
20.08.2024;3.382,52;136087;10,4;2550,6;59005,8;5,478
19.08.2024;3.382,02;135778;10,4;2541,3;59470,9;5,4121
16.08.2024;3.385,46;133953;10,4;2537,8;58877,2;5,4753
15.08.2024;3.374,02;134153;10,4;2492,4;57534,6;5,4827
14.08.2024;3.363,10;133318;10,4;2479,7;58707,8;5,473
13.08.2024;3.355,20;132398;10,4;2507,8;60595,2;5,4538
12.08.2024;3.352,25;131116;10,4;2504;59350;5,4974
09.08.2024;3.349,97;130615;10,4;2473,4;60850,6;5,5064
08.08.2024;3.345,06;128661;10,4;2463,3;61699,7;5,5493
07.08.2024;3.349,29;127514;10,4;2432,4;55120,9;5,6341
06.08.2024;3.347,44;126267;10,4;2431,6;56057,8;5,6623
05.08.2024;3.352,64;125270;10,4;2444,4;53979;5,7238
02.08.2024;3.368,97;125854;10,4;2469,8;61478,7;5,7273
01.08.2024;3.365,60;127395;10,4;2480,8;65372,9;5,7483
31.07.2024;3.364,78;127652;10,4;2473;64626;5,65
30.07.2024;3.358,40;126139;10,4;2451,9;66184,9;5,6121
29.07.2024;3.353,38;126954;10,4;2401,8;66798,7;5,6159
26.07.2024;3.375,85;127492;10,4;2404,5;67908,6;5,6557
25.07.2024;3.375,00;125954;10,4;2376,6;65799,3;5,6442
24.07.2024;3.381,51;126423;10,4;2439,6;65370,5;5,6536
23.07.2024;3.386,19;126590;10,4;2431;65937,8;5,5846
22.07.2024;3.390,99;127860;10,4;2418,4;67553,6;5,5779
19.07.2024;3.391,72;127616;10,4;2423;66677,4;5,5952
18.07.2024;3.382,64;127652;10,4;2480,8;63980,5;5,546
17.07.2024;3.388,10;129450;10,4;2484,3;64089,2;5,4821
16.07.2024;3.382,99;129110;10,4;2492;65049,7;5,4286
15.07.2024;3.375,26;129321;10,4;2452,9;64782,4;5,4448
12.07.2024;3.370,07;128897;10,4;2444,5;57885,1;5,4285
11.07.2024;3.350,64;128294;10,4;2445,6;57337,3;5,4381
10.07.2024;3.349,04;127218;10,4;2403,2;57746,7;5,4144
09.07.2024;3.349,16;127108;10,4;2391,2;58039,4;5,4222
08.07.2024;3.347,36;126548;10,4;2387;56724,7;5,4699
05.07.2024;3.341,64;126267;10,4;2421,1;56641,8;5,4592
04.07.2024;3.323,67;126164;10,4;2364,6;57026,3;5,4887
03.07.2024;3.302,82;125662;10,4;2392,6;60199,3;5,5563
02.07.2024;3.305,51;124787;10,4;2356,4;62103,3;5,6777
01.07.2024;3.318,84;124718;10,4;2361,9;62890,1;5,6603
28.06.2024;3.347,33;123907;10,4;2362,5;60403,3;5,5925
27.06.2024;3.328,12;124308;10,4;2359,3;61685,3;5,5019
26.06.2024;3.311,05;122641;10,4;2335,9;60849,4;5,5194
25.06.2024;3.301,23;122331;10,4;2353,5;61809,4;5,4509
24.06.2024;3.296,23;122637;10,4;2367,2;60292,7;5,3928
21.06.2024;3.299,38;121341;10,4;2353,9;64128,5;5,4302
20.06.2024;3.301,49;120446;10,4;2391,8;64854,3;5,4483
19.06.2024;3.300,19;120261;10,4;2343;64980,9;5,4362
18.06.2024;3.301,41;119630;10,4;2369,5;65159,9;5,4359
17.06.2024;3.305,93;119138;10,4;2351,8;66498,8;5,4195
14.06.2024;3.312,59;119662;10,4;2371,9;66034,8;5,3757
13.06.2024;3.295,71;119568;10,4;2340,6;66773,1;5,3636
12.06.2024;3.320,42;119936;10,4;2377,5;68260,1;5,4123
11.06.2024;3.334,98;121635;10,4;2349,1;67319,8;5,3662
10.06.2024;3.345,21;120760;10,4;2349,6;69538,2;5,3547
07.06.2024;3.358,85;120767;10,4;2347,6;69347,9;5,3448
06.06.2024;3.358,89;122899;10,4;2413,7;70791,5;5,256
05.06.2024;3.356,08;121407;10,4;2398,1;71083,7;5,2964
04.06.2024;3.364,04;121802;10,4;2369,7;70549,2;5,2861
03.06.2024;3.371,58;122032;10,4;2392;68807,8;5,2467
31.05.2024;3.382,34;122098;10,4;2368,5;67530,1;5,2443
29.05.2024;3.371,11;122707;10,4;2364,1;67635,8;5,2018
28.05.2024;3.363,68;123780;10,4;2379,3;68366;5,1611
27.05.2024;3.374,83;124496;10,4;2356,5;69428,7;5,1708
24.05.2024;3.379,01;124306;10,4;2356,9;68547,6;5,166
23.05.2024;3.374,75;124729;10,4;2359,7;67975,7;5,1442
22.05.2024;3.383,74;125650;10,4;2415,7;69155,4;5,1503
21.05.2024;3.386,75;127412;10,4;2449,1;70139,9;5,1225
20.05.2024;3.391,26;127751;10,4;2461,7;71422,7;5,1033
17.05.2024;3.392,31;128151;10,4;2440,4;67036,8;5,1031
16.05.2024;3.379,54;128284;10,4;2408,3;65231;5,1288
15.05.2024;3.372,59;128028;10,4;2417,6;66225,1;5,1373
14.05.2024;3.367,72;128515;10,4;2382,5;61569,4;5,1299
13.05.2024;3.376,50;128155;10,4;2365,7;62937,2;5,1511
10.05.2024;3.397,79;127600;10,4;2397,7;60796,9;5,1584
09.05.2024;3.389,27;128188;10,4;2362,7;63075;5,1412
08.05.2024;3.398,10;129481;10,65;2344,8;61207,5;5,0909
07.05.2024;3.394,53;129210;10,65;2346,6;62317,7;5,0707
06.05.2024;3.392,61;128466;10,65;2353,4;63163,1;5,0758
03.05.2024;3.391,61;128509;10,65;2330,6;62877,5;5,0722
02.05.2024;3.376,40;127122;10,65;2331,6;59121,3;5,1113
30.04.2024;3.381,79;125924;10,65;2324,7;60666,6;5,1934
29.04.2024;3.374,93;127352;10,65;2379,8;63860,1;5,1189
26.04.2024;3.366,74;126526;10,65;2369,3;63766,4;5,1151
25.04.2024;3.360,86;124646;10,65;2364,5;64497,1;5,1602
24.04.2024;3.365,41;124741;10,65;2360,3;64285,7;5,1457
23.04.2024;3.373,24;125148;10,65;2363,7;66415;5,126
22.04.2024;3.380,00;125573;10,65;2368,1;66829,3;5,168
19.04.2024;3.391,17;125124;10,65;2436,1;63799,1;5,2027
18.04.2024;3.386,78;124196;10,65;2420,1;63481,4;5,2482
17.04.2024;3.391,31;124171;10,65;2410,5;61278,9;5,242
16.04.2024;3.402,52;124389;10,65;2430;63805,3;5,2826
15.04.2024;3.412,68;125334;10,65;2405,1;63411,9;5,1846
12.04.2024;3.423,95;125946;10,65;2396,3;67151,9;5,1175
11.04.2024;3.417,57;127396;10,65;2394,6;70011,6;5,0917
10.04.2024;3.418,43;128054;10,65;2370,1;70622,1;5,0746
09.04.2024;3.420,76;129890;10,65;2383,9;69148;5,009
08.04.2024;3.421,87;128857;10,65;2372,3;71630,1;5,0268
05.04.2024;3.422,18;126795;10,65;2366,6;67830,6;5,0655
04.04.2024;3.414,28;127428;10,65;2329,4;68496,5;5,0538
03.04.2024;3.412,02;127318;10,65;2335,9;65963;5,0393
02.04.2024;3.406,57;127549;10,65;2302,4;65439,2;5,0576
01.04.2024;3.403,41;126990;10,65;2277,5;69664,4;5,0543
28.03.2024;3.408,15;128106;10,65;2258,4;70762,1;5,0129
27.03.2024;3.395,41;127691;10,65;2232,4;69442,4;4,9866
26.03.2024;3.392,25;126863;10,65;2199,2;69999,3;4,9808
25.03.2024;3.390,05;126931;10,65;2198,2;69892;4,9751
22.03.2024;3.393,14;127027;10,65;2181,6;63785,5;4,9997
21.03.2024;3.381,26;128159;10,65;2206,5;65503,8;4,9781
20.03.2024;3.378,25;129125;11,15;2182,4;67854;4,9691
19.03.2024;3.373,64;127529;11,15;2181,2;62050;5,0301
18.03.2024;3.374,01;126954;11,15;2185,9;67594,1;5,0253
15.03.2024;3.367,01;126742;11,15;2183,1;69463,7;4,9949
14.03.2024;3.365,68;127690;11,15;2189,1;71387,5;4,9895
13.03.2024;3.367,44;128006;11,15;2202,4;73066,3;4,97
12.03.2024;3.368,76;127668;11,15;2187,7;71470,2;4,9718
11.03.2024;3.374,45;126124;11,15;2210;72099,1;4,9771
08.03.2024;3.382,28;127071;11,15;2206,3;68172;4,9806
07.03.2024;3.371,76;128340;11,15;2185,9;66855,3;4,935
06.03.2024;3.365,18;128890;11,15;2178,8;66080,4;4,9446
05.03.2024;3.366,96;128098;11,15;2162,5;63792,6;4,9581
04.03.2024;3.364,83;128341;11,15;2146,8;68270,1;4,9458
01.03.2024;3.366,50;129180;11,15;2116;62397,7;4,9541
29.02.2024;3.360,00;129020;11,15;2074,6;61169,3;4,9716
28.02.2024;3.343,32;130155;11,15;2062,7;62467,6;4,9675
27.02.2024;3.346,00;131689;11,15;2064,1;57056,2;4,9335
26.02.2024;3.352,02;129609;11,15;2058,8;54495,1;4,9799
23.02.2024;3.363,24;129419;11,15;2069,3;50740,5;4,9951
22.02.2024;3.354,50;130241;11,15;2050,5;51320,4;4,9605
21.02.2024;3.356,04;130032;11,15;2054;51858,2;4,9358
20.02.2024;3.357,64;129916;11,15;2059,6;52263,5;4,9275
19.02.2024;3.357,03;129036;11,15;2039,8;51783,6;4,9564
16.02.2024;3.350,11;128726;11,15;2043,9;52134,2;4,9665
15.02.2024;3.349,19;127804;11,15;2034,7;51901,3;4,9732
14.02.2024;3.342,91;127018;11,15;2024;51782,4;4,969
09.02.2024;3.351,99;128026;11,15;2058,6;47127,5;4,9517
08.02.2024;3.339,78;128217;11,15;2067,8;45293,3;4,992
07.02.2024;3.340,69;129950;11,15;2071,5;44339,8;4,9685
06.02.2024;3.332,48;130416;11,15;2071,2;43087,7;4,9634
05.02.2024;3.327,93;127593;11,15;2062,7;42697,2;4,9854
02.02.2024;3.332,88;127182;11,15;2073,4;43194,7;4,9699
01.02.2024;3.320,47;128481;11,15;2090,6;43081,4;4,9163
31.01.2024;3.333,51;127752;11,65;2087;42580,5;4,9526
30.01.2024;3.327,55;127402;11,65;2070,5;42946,2;4,9516
29.01.2024;3.329,25;128503;11,65;2044,6;43299,8;4,9518
26.01.2024;3.331,59;128967;11,65;2036,1;41811,3;4,9168
25.01.2024;3.324,32;128169;11,65;2036,8;39935,7;4,9165
24.01.2024;3.324,42;127816;11,65;2035,2;40086;4,9335
23.01.2024;3.330,06;128263;11,65;2045,2;39888,8;4,9535
22.01.2024;3.334,06;126602;11,65;2041,6;39556,4;4,9892
19.01.2024;3.340,16;127636;11,65;2048,6;41648;4,931
18.01.2024;3.329,82;127316;11,65;2041,1;41292,7;4,9269
17.01.2024;3.332,51;128524;11,65;2026;42768,7;4,9349
16.01.2024;3.334,51;129294;11,65;2049,9;43145,5;4,9258
15.01.2024;3.332,17;131521;11,65;2030,2;42510,7;4,8628
12.01.2024;3.325,70;130988;11,65;2071,4;42835,9;4,8539
11.01.2024;3.318,09;130649;11,65;2039;46348,2;4,87
10.01.2024;3.324,85;130841;11,65;2047,8;46629,3;4,8909
09.01.2024;3.324,90;131447;11,65;2053;46129;4,9038
08.01.2024;3.327,10;132427;11,65;2053,4;46962,2;4,87
05.01.2024;3.324,23;132023;11,65;2069,7;44156,9;4,8743
04.01.2024;3.320,38;131226;11,65;2069,9;44157;4,8968
03.01.2024;3.324,41;132834;11,65;2062,7;42836,1;4,9198
02.01.2024;3.314,09;132697;11,65;2093,5;44943,7;4,9235
28.12.2023;3.311,43;134185;11,65;2103,5;42581,1;4,8521
27.12.2023;3.298,60;134194;11,65;2112,9;43446,5;4,8267
26.12.2023;3.285,40;133533;11,65;2089,6;42513,3;4,814
22.12.2023;3.260,47;132753;11,65;2088,8;43968,9;4,8585
21.12.2023;3.232,47;132182;11,65;2071;43865,9;4,8844
20.12.2023;3.212,55;130804;11,65;2067,3;43662,8;4,9163
19.12.2023;3.206,75;131851;11,65;2071,8;42259,3;4,8675
18.12.2023;3.197,51;131084;11,65;2060,1;42659,7;4,8967
15.12.2023;3.189,62;130197;11,65;2055,2;41929;4,9371
14.12.2023;3.184,23;130842;11,65;2064,2;43025,9;4,9155
13.12.2023;3.177,05;129465;12,15;2016,7;42884,5;4,9197
12.12.2023;3.169,67;126403;12,15;2012,5;41487;4,9631
11.12.2023;3.180,99;126916;12,15;2013;41256,1;4,9386
08.12.2023;3.189,62;127094;12,15;2033,9;44175,5;4,9317
07.12.2023;3.179,69;126010;12,15;2065,8;43289,7;4,9115
06.12.2023;3.191,27;125623;12,15;2067,3;43776,3;4,9022
05.12.2023;3.189,90;126903;12,15;2055,7;44076,2;4,9306
04.12.2023;3.184,55;126803;12,15;2061,6;41987,8;4,9432
01.12.2023;3.175,08;128185;12,15;2109,2;38688,2;4,8801
30.11.2023;3.176,56;127331;12,15;2076,7;37712,9;4,9205
29.11.2023;3.164,00;126166;12,15;2086,6;37855,5;4,9029
28.11.2023;3.167,49;126538;12,15;2060,2;37823,3;4,8705
27.11.2023;3.159,19;125731;12,15;2033;37248,6;4,8964
24.11.2023;3.174,49;125517;12,15;2023,5;37717,3;4,902
23.11.2023;3.178,48;126576;12,15;2003;37293,1;4,9039
22.11.2023;3.179,70;126035;12,15;2013,2;37410,8;4,9068
21.11.2023;3.191,36;125626;12,15;2021,8;35813,6;4,9006
20.11.2023;3.196,44;125957;12,15;2000,4;37454,1;4,8543
17.11.2023;3.197,69;124773;12,15;2004,8;36595,4;4,9059
16.11.2023;3.191,32;124639;12,15;2007,5;36161,2;4,8632
14.11.2023;3.184,40;123166;12,15;1986,4;35549,3;4,8654
13.11.2023;3.180,24;120410;12,15;1970,2;36478,3;4,9075
10.11.2023;3.182,18;120568;12,15;1957,7;37303;4,9013
09.11.2023;3.177,75;119034;12,15;1989,9;36700,5;4,9342
08.11.2023;3.174,22;119177;12,15;1978,1;35636,9;4,9103
07.11.2023;3.172,96;119268;12,15;1993,8;35426,1;4,8724
06.11.2023;3.162,81;118431;12,15;2009;35042;4,8853
03.11.2023;3.160,39;118160;12,15;2019,6;34718,7;4,9012
01.11.2023;3.146,95;115053;12,65;2007,8;35423,8;4,9534
31.10.2023;3.155,70;113144;12,65;2014,6;34650,6;5,035
30.10.2023;3.156,07;112532;12,65;2026;34477,9;5,0472
27.10.2023;3.155,69;113301;12,65;2018,7;33901,8;5,0152
26.10.2023;3.141,77;114777;12,65;2017,6;34153,7;4,9861
25.10.2023;3.150,21;112830;12,65;2015;34496,8;4,9947
24.10.2023;3.155,53;113762;12,65;2006,1;33917;4,9908
23.10.2023;3.172,40;112785;12,65;2007,8;33041,8;5,0112
20.10.2023;3.168,43;113155;12,65;2014,5;29674,5;5,0312
19.10.2023;3.164,08;114004;12,65;2000,2;28723;5,0646
18.10.2023;3.173,80;114060;12,65;1988,1;28321,7;5,0591
17.10.2023;3.183,18;115908;12,65;1955,4;28403,6;5,0414
16.10.2023;3.190,17;116534;12,65;1953,9;28509,7;5,0377
13.10.2023;3.192,01;115754;12,65;1961,1;26863,5;5,0801
11.10.2023;3.183,77;117051;12,65;1906,8;26876,6;5,0483
10.10.2023;3.180,39;116737;12,65;1894,6;27391;5,0516
09.10.2023;3.179,35;115156;12,65;1883,5;27581,4;5,1355
06.10.2023;3.183,21;114170;12,65;1864,4;27936,9;5,1457
05.10.2023;3.183,15;113284;12,65;1850,8;27410,3;5,1658
04.10.2023;3.184,79;113607;12,65;1853,8;27790,9;5,1562
03.10.2023;3.195,72;113419;12,65;1860,7;27428,4;5,1669
02.10.2023;3.197,13;115057;12,65;1866,4;27505,3;5,061
29.09.2023;3.219,28;116565;12,65;1885,4;26909,8;5,032
28.09.2023;3.193,17;115731;12,65;1898;27022,6;5,0331
27.09.2023;3.193,15;114327;12,65;1890,9;26366,1;5,0425
26.09.2023;3.199,14;114193;12,65;1919,8;26218,9;4,9898
25.09.2023;3.214,28;115925;12,65;1936,6;26302,7;4,9678
22.09.2023;3.226,39;116009;12,65;1945,6;26581,9;4,9351
21.09.2023;3.224,24;116145;12,65;1939,6;26570;4,9351
20.09.2023;3.224,70;118695;13,15;1967,1;27125;4,8801
19.09.2023;3.229,52;117846;13,15;1953,7;27209,2;4,8673
18.09.2023;3.233,38;118288;13,15;1953,4;26763,5;4,8556
15.09.2023;3.234,06;118758;13,15;1946,2;26601;4,8663
14.09.2023;3.216,40;119392;13,15;1932,8;26524,7;4,8668
13.09.2023;3.216,18;118176;13,15;1932,5;26223;4,9153
12.09.2023;3.224,84;117968;13,15;1935,1;25834,5;4,947
11.09.2023;3.226,93;116883;13,15;1947,2;25166,4;4,9307
08.09.2023;3.240,33;115313;13,15;1942,7;25909,5;4,9882
06.09.2023;3.222,02;115985;13,15;1944,2;25758;4,9784
05.09.2023;3.215,79;117331;13,15;1952,6;25790,2;4,9671
04.09.2023;3.217,63;117777;13,15;1952,6;25823,3;4,9376
01.09.2023;3.217,23;117893;13,15;1967,1;25803,2;4,9463
31.08.2023;3.212,81;115742;13,15;1965,9;25937,3;4,9544
30.08.2023;3.208,00;117535;13,15;1973;27298,8;4,889
29.08.2023;3.192,43;118404;13,15;1965,1;27723,9;4,8523
28.08.2023;3.189,09;117121;13,15;1946,8;26118,9;4,8731
25.08.2023;3.197,10;115837;13,15;1939,9;26057,2;4,8711
24.08.2023;3.190,05;117026;13,15;1947,1;26177;4,8802
23.08.2023;3.189,65;118135;13,15;1948,1;26436,2;4,8572
22.08.2023;3.195,17;116156;13,15;1926;26039,9;4,9386
21.08.2023;3.203,21;114429;13,15;1923;26126;4,9793
18.08.2023;3.209,51;115409;13,15;1916,5;26053,2;4,9694
17.08.2023;3.206,35;114982;13,15;1915,2;26635,7;4,9758
16.08.2023;3.212,37;115592;13,15;1928,3;28726,3;4,9879
15.08.2023;3.214,54;116171;13,15;1935,2;29195,3;4,9845
14.08.2023;3.214,57;116810;13,15;1944;29426,7;4,9615
11.08.2023;3.220,69;118065;13,15;1946,6;29420,8;4,9048
10.08.2023;3.213,12;118350;13,15;1948,9;29449;4,8924
09.08.2023;3.212,17;118409;13,15;1950,6;29578;4,902
08.08.2023;3.216,83;119090;13,15;1959,9;29777,4;4,8996
07.08.2023;3.219,41;119380;13,15;1970;29204,2;4,8999
04.08.2023;3.216,66;119508;13,15;1976,1;29105,5;4,8733
03.08.2023;3.201,72;120586;13,15;1968,8;29189,3;4,917
02.08.2023;3.192,16;120859;13,65;1975;29173,7;4,812
01.08.2023;3.189,33;121248;13,65;1978,8;29712,2;4,7911
31.07.2023;3.197,18;121943;13,65;2009,2;29232,4;4,7241
28.07.2023;3.181,25;120187;13,65;1999,9;29315;4,7336
27.07.2023;3.173,67;119990;13,65;1965,3;29222,7;4,7424
26.07.2023;3.174,92;122560;13,65;1989,7;29352,2;4,7364
25.07.2023;3.182,86;122008;13,65;1983,1;29228,6;4,7498
24.07.2023;3.182,42;121342;13,65;1981,6;29178,1;4,7271
21.07.2023;3.185,21;120217;13,65;1985,8;29903,1;4,7795
20.07.2023;3.173,70;118083;13,65;1990,2;29801;4,798
19.07.2023;3.174,68;117552;13,65;1999,9;29909,7;4,7909
18.07.2023;3.180,00;117841;13,65;1999,8;29866,8;4,8105
17.07.2023;3.182,62;118219;13,65;1975,5;30139,7;4,8066
14.07.2023;3.184,03;117711;13,65;1983,4;30317,4;4,7894
13.07.2023;3.178,31;119264;13,65;1982,9;31466,1;4,7971
12.07.2023;3.179,95;117666;13,65;1980,8;30387,3;4,8184
11.07.2023;3.181,58;117556;13,65;1956,2;30623,3;4,8538
10.07.2023;3.181,10;117942;13,65;1950,1;30415,3;4,8978
07.07.2023;3.190,78;118898;13,65;1951,6;30346,4;4,872
06.07.2023;3.177,21;117426;13,65;1934,6;29913,1;4,9193
05.07.2023;3.170,77;119549;13,65;1946,2;30512,8;4,8478
04.07.2023;3.157,36;119076;13,65;1927,1;30768,4;4,8408
03.07.2023;3.152,07;119673;13,65;1948,6;31151,3;4,8077
30.06.2023;3.155,32;118087;13,65;1948,5;30472,9;4,786
29.06.2023;3.132,06;118383;13,65;1936,8;30445,7;4,8553
28.06.2023;3.120,45;116681;13,65;1941,3;30078,6;4,8506
27.06.2023;3.116,60;117523;13,65;1943;30689,1;4,8103
26.06.2023;3.109,74;118243;13,65;1953,1;30267;4,7675
23.06.2023;3.106,81;118977;13,65;1948,9;30679,4;4,7864
22.06.2023;3.099,39;118934;13,65;1943;29890,5;4,7689
21.06.2023;3.103,36;120420;13,65;1964,4;29996,9;4,763
20.06.2023;3.097,34;119622;13,65;1967,2;28307,7;4,7902
19.06.2023;3.093,01;119858;13,65;1947,7;26845,9;4,7772
16.06.2023;3.082,71;118758;13,65;1990,7;26341,3;4,8199
15.06.2023;3.064,48;119221;13,65;1990,2;25591,3;4,8102
14.06.2023;3.056,04;119069;13,65;1988,3;25129,5;4,8146
13.06.2023;3.051,11;116743;13,65;1978,1;25929,4;4,8622
12.06.2023;3.047,79;117336;13,65;1989,3;25906,8;4,8613
09.06.2023;3.046,98;117019;13,65;1996,8;26479,3;4,8791
07.06.2023;3.038,80;115488;13,65;1977,9;26342,5;4,9235
06.06.2023;3.034,04;114610;13,65;2001;27230,2;4,9125
05.06.2023;3.034,95;112696;13,65;1993,9;25747,4;4,9289
02.06.2023;3.026,89;112558;13,65;1989,1;27244,7;4,9571
01.06.2023;3.011,49;110565;13,65;2015,1;26819;5,014
31.05.2023;3.013,46;108335;13,65;2001,7;27216,1;5,0574
30.05.2023;3.002,96;108967;13,65;1996,7;27698,2;5,0357
29.05.2023;3.007,26;110333;13,65;1977,1;27739,4;5,0171
26.05.2023;3.007,39;110906;13,65;1963,1;26711,5;4,9939
25.05.2023;3.003,53;110054;13,65;1962,3;26475,8;5,0356
24.05.2023;2.996,11;108800;13,65;1983,1;26328,4;4,9619
23.05.2023;3.005,48;109929;13,65;1992,8;27220,7;4,9714
22.05.2023;3.000,79;110213;13,65;1995,7;26847,3;4,9667
19.05.2023;2.998,16;110745;13,65;2000,3;26882,9;4,9981
18.05.2023;2.992,68;110108;13,65;1978,3;26828;4,9652
17.05.2023;2.990,02;109460;13,65;2003,7;27403,1;4,9396
16.05.2023;2.978,45;108194;13,65;2012,2;27035,3;4,9402
15.05.2023;2.967,44;109029;13,65;2042,1;27183,9;4,8904
12.05.2023;2.944,57;108464;13,65;2039,1;26799,2;4,9195
11.05.2023;2.928,48;108256;13,65;2039,9;26983,5;4,9295
10.05.2023;2.915,00;107448;13,65;2056,5;27603,3;4,9424
09.05.2023;2.910,39;107114;13,65;2062,4;27634,9;4,9862
08.05.2023;2.898,59;106042;13,65;2052,8;27670,5;5,0097
05.05.2023;2.886,42;105148;13,65;2044,2;29513,2;4,9518
04.05.2023;2.875,33;102174;13,65;2075;28842,1;4,9822
03.05.2023;2.863,90;101797;13,65;2056,2;29023,6;4,9949
02.05.2023;2.859,63;101927;13,65;2042,5;28669,1;5,0387
28.04.2023;2.858,23;104432;13,65;2018,3;29321,8;4,9865
27.04.2023;2.827,24;102923;13,65;2017,9;29475,9;4,9771
26.04.2023;2.817,21;102312;13,65;2014,9;28424,6;5,0435
25.04.2023;2.814,98;103220;13,65;2023,5;28298,8;5,0497
24.04.2023;2.816,23;103947;13,65;2018,6;27509,3;5,0337
20.04.2023;2.813,94;104367;13,65;2037,9;28240,5;5,0486
19.04.2023;2.809,01;103913;13,65;2025,9;28813,7;5,0753
18.04.2023;2.809,34;106163;13,65;2038,5;30382,2;4,984
17.04.2023;2.797,18;106016;13,65;2025,7;29434,9;4,9413
14.04.2023;2.781,47;106279;13,65;2034,4;30472,5;4,9096
13.04.2023;2.769,70;106458;13,65;2073,8;30387,4;4,9272
12.04.2023;2.769,99;106890;13,65;2043,3;29886,4;4,9181
11.04.2023;2.765,29;106214;13,65;2037,3;30209,6;5,0054
10.04.2023;2.760,71;101847;13,65;2021,8;29641;5,0655
06.04.2023;2.760,38;100822;13,65;2044,4;28036,7;5,057
05.04.2023;2.760,26;100978;13,65;2053,6;28173,5;5,034
04.04.2023;2.761,00;101869;13,65;2056,2;28164,4;5,0716
03.04.2023;2.753,11;101506;13,65;2018,5;27802,1;5,0632
31.03.2023;2.760,96;101882;13,65;2004,1;28473,7;5,0631
30.03.2023;2.736,12;103713;13,65;2015,6;28029,5;5,0938
29.03.2023;2.744,39;101793;13,65;1984,5;28350,4;5,1356
28.03.2023;2.763,77;101185;13,65;1990,4;27262,2;5,1655
27.03.2023;2.767,27;99670;13,65;1971,5;27129,8;5,1983
24.03.2023;2.770,26;98829;13,65;2001,7;27462,2;5,2463
23.03.2023;2.760,67;97926;13,65;2013,3;28310,7;5,2973
22.03.2023;2.768,43;100221;13,65;1966,6;27261,7;5,2369
21.03.2023;2.769,48;100998;13,65;1958,3;28114;5,243
20.03.2023;2.768,22;100923;13,65;1999,7;27720,5;5,2368
17.03.2023;2.776,03;101982;13,65;1990,2;27391,8;5,2778
16.03.2023;2.777,15;103435;13,65;1939,7;25004,1;5,2285
15.03.2023;2.778,06;102675;13,65;1948,1;24282,7;5,2882
14.03.2023;2.774,85;102932;13,65;1927,4;24699,7;5,2543
13.03.2023;2.772,75;103121;13,65;1933;24114,4;5,2459
10.03.2023;2.788,51;103618;13,65;1884;20156,7;5,2166
09.03.2023;2.791,81;105071;13,65;1851,5;20361,8;5,1645
08.03.2023;2.798,40;106540;13,65;1835,6;21710,8;5,1453
07.03.2023;2.809,10;104228;13,65;1836,8;22197,8;5,191
06.03.2023;2.811,73;104700;13,65;1871,4;22410;5,1534
03.03.2023;2.821,35;103866;13,65;1871,4;22354,4;5,1956
02.03.2023;2.810,98;103326;13,65;1857,3;23465,4;5,2006
01.03.2023;2.808,70;104385;13,65;1862,1;23642,2;5,1794
28.02.2023;2.808,39;104932;13,65;1853,2;23130,5;5,2367
27.02.2023;2.808,07;105711;13,65;1841,6;23494,1;5,2008
24.02.2023;2.803,11;105798;13,65;1833,9;23191,5;5,21
23.02.2023;2.793,49;107593;13,65;1843,6;23936,3;5,1373
22.02.2023;2.797,85;107152;13,65;1858,3;24186,6;5,1522
17.02.2023;2.797,40;109177;13,65;1866,9;24573,5;5,1674
16.02.2023;2.780,71;109941;13,65;1868,6;23539,6;5,2178
15.02.2023;2.782,91;109600;13,65;1862;24327,9;5,219
14.02.2023;2.778,70;107849;13,65;1882,1;22198,5;5,1923
13.02.2023;2.774,40;108836;13,65;1880,1;21772,6;5,1596
10.02.2023;2.785,52;108078;13,65;1891,2;21635;5,2151
09.02.2023;2.791,44;108008;13,65;1895,3;21792,5;5,2911
08.02.2023;2.798,31;109951;13,65;1907,7;22964,6;5,2007
07.02.2023;2.804,81;107830;13,65;1901,5;23251,7;5,2101
06.02.2023;2.811,12;108722;13,65;1896,1;22761,8;5,1464
03.02.2023;2.815,69;108523;13,65;1893,3;23431,2;5,1522
02.02.2023;2.814,15;110141;13,65;1947,6;23427,6;5,0504
01.02.2023;2.807,02;112074;13,65;1959,7;23725,6;5,0547
31.01.2023;2.821,14;113431;13,65;1962,2;23125,1;5,0731
30.01.2023;2.807,88;112273;13,65;1956;22832,2;5,1162
27.01.2023;2.809,46;112316;13,65;1945,6;23074,6;5,1089
26.01.2023;2.809,44;114178;13,65;1946,7;23016;5,0658
25.01.2023;2.816,54;114270;13,65;1959,4;23055,1;5,0734
24.01.2023;2.811,90;113028;13,65;1952,2;22632,5;5,1392
23.01.2023;2.815,86;111737;13,65;1945,4;22915,5;5,2076
20.01.2023;2.826,67;112041;13,65;1944,9;22677,2;5,2074
19.01.2023;2.824,92;112922;13,65;1940,6;21081,2;5,1741
18.01.2023;2.838,73;112228;13,65;1923,8;20670,6;5,1863
17.01.2023;2.838,03;111439;13,65;1926,7;21137,1;5,1003
16.01.2023;2.840,79;109213;13,65;1909,9;21184,2;5,1474
13.01.2023;2.838,74;110916;13,65;1938,5;19927;5,0956
12.01.2023;2.833,33;111850;13,65;1915,5;18851,3;5,1082
11.01.2023;2.839,07;112517;13,65;1895,5;17942,3;5,16
10.01.2023;2.845,39;110817;13,65;1893;17439,1;5,1997
09.01.2023;2.845,35;109130;13,65;1894,2;17180,1;5,2546
06.01.2023;2.850,98;108964;13,65;1885,9;16950,9;5,2254
05.01.2023;2.855,86;107641;13,65;1856,7;16829,8;5,3509
04.01.2023;2.846,90;105334;13,65;1875;16852,1;5,4312
03.01.2023;2.855,21;104166;13,65;1862,1;16674,2;5,4797
29.12.2022;2.867,13;109735;13,65;1841,9;16636,4;5,286
28.12.2022;2.850,52;110237;13,65;1831,5;16546,2;5,2676
27.12.2022;2.834,46;108578;13,65;1838,8;16706,1;5,2928
23.12.2022;2.820,03;109698;13,65;1819,8;16779,1;5,1652
22.12.2022;2.801,14;107552;13,65;1810,8;16820,6;5,1665
21.12.2022;2.799,72;107433;13,65;1840,9;16831,8;5,2009
20.12.2022;2.779,54;106864;13,65;1840,8;16902,8;5,1996
19.12.2022;2.762,37;104740;13,65;1813;16441,3;5,293
16.12.2022;2.780,48;102856;13,65;1815,6;16629,6;5,314
15.12.2022;2.786,08;103738;13,65;1803,1;17356,1;5,313
14.12.2022;2.801,87;103746;13,65;1833,8;17796,4;5,2787
13.12.2022;2.827,17;103540;13,65;1840,5;17778,6;5,2938
12.12.2022;2.846,77;105343;13,65;1807,4;17210,4;5,3226
09.12.2022;2.866,28;107520;13,65;1825,9;17125,7;5,24
08.12.2022;2.862,98;107249;13,65;1816,7;17225,7;5,2253
07.12.2022;2.876,21;109069;13,65;1813,2;16835,2;5,2048
06.12.2022;2.881,58;110189;13,65;1797,6;17089,3;5,2352
05.12.2022;2.889,07;109401;13,65;1796,5;16966,5;5,2809
02.12.2022;2.893,69;111924;13,65;1824,7;17093,6;5,2189
01.12.2022;2.877,88;110926;13,65;1830,3;16972;5,1848
30.11.2022;2.867,21;112486;13,65;1775,1;17163,9;5,1851
29.11.2022;2.851,29;110910;13,65;1778,7;16440,4;5,2695
28.11.2022;2.850,52;108782;13,65;1755,3;16211,7;5,3654
25.11.2022;2.852,69;108977;13,65;1768,8;16512,3;5,4098
24.11.2022;2.858,55;111831;13,65;1754;16601,2;5,3208
23.11.2022;2.858,85;108841;13,65;1760,4;16623,9;5,3591
22.11.2022;2.866,50;109037;13,65;1754,8;16212,9;5,3586
21.11.2022;2.867,85;109748;13,65;1754,6;15776,2;5,32
18.11.2022;2.878,28;108870;13,65;1769;16638,3;5,3827
17.11.2022;2.864,01;109703;13,65;1777,8;16691,2;5,4231
16.11.2022;2.914,40;110243;13,65;1791;16540,5;5,3998
14.11.2022;2.931,19;113161;13,65;1790,8;16613,7;5,3321
11.11.2022;2.934,71;112253;13,65;1783,5;17049,9;5,325
10.11.2022;2.941,54;109775;13,65;1767,8;17589,1;5,3449
09.11.2022;2.969,14;113580;13,65;1727,8;15886,9;5,1864
08.11.2022;2.983,37;116160;13,65;1730;18527,4;5,144
07.11.2022;2.987,19;115342;13,65;1694,5;20589;5,1567
04.11.2022;2.993,06;118155;13,65;1690,6;21145,9;5,0557
03.11.2022;2.988,75;116896;13,65;1644,9;20206,4;5,1137
01.11.2022;2.989,15;116929;13,65;1663,8;20483,5;5,1475
31.10.2022;2.991,45;116037;13,65;1654,9;20496,3;5,1791
28.10.2022;2.993,69;114539;13,65;1659,1;20594,4;5,2949
27.10.2022;2.992,35;114641;13,65;1680;20292,9;5,3449
26.10.2022;2.991,00;112764;13,65;1683,4;20769,5;5,3804
25.10.2022;2.993,37;114626;13,65;1672,2;20082,7;5,3167
24.10.2022;2.993,16;116013;13,65;1668,1;19331,5;5,3032
21.10.2022;2.999,05;119929;13,65;1670,2;19162,6;5,1605
20.10.2022;2.992,35;117171;13,65;1650,7;19042,9;5,2147
19.10.2022;2.986,43;116274;13,65;1648;19123,9;5,27
18.10.2022;2.987,10;115743;13,65;1669,6;19328,2;5,2405
17.10.2022;2.982,34;113624;13,65;1677,8;19548,2;5,2808
14.10.2022;2.991,66;112072;13,65;1662,8;19181,8;5,3252
13.10.2022;2.992,58;114300;13,65;1690,8;19379,8;5,2626
11.10.2022;2.999,96;114827;13,65;1699,5;19059,1;5,3005
10.10.2022;2.998,46;115941;13,65;1688,8;19134,6;5,1901
07.10.2022;3.002,83;116375;13,65;1722,8;19531,3;5,1996
06.10.2022;2.995,60;117561;13,65;1734,3;19956,7;5,2217
05.10.2022;2.986,50;117198;13,65;1734,2;20157,5;5,194
04.10.2022;2.985,08;116230;13,65;1743,7;20340,2;5,177
03.10.2022;2.982,90;116134;13,65;1714,9;19628,3;5,1672
30.09.2022;2.990,80;110037;13,65;1684,9;19423;5,4154
29.09.2022;2.972,49;107664;13,65;1681,6;19593;5,3964
28.09.2022;2.975,15;108451;13,65;1670;19411;5,3745
27.09.2022;2.979,49;108376;13,65;1636,2;19081;5,3824
26.09.2022;2.984,31;109114;13,65;1633,4;19225,7;5,3898
23.09.2022;2.990,30;111716;13,65;1655,6;19293,5;5,2595
22.09.2022;2.994,65;114070;13,65;1681,1;19404;5,1166
21.09.2022;2.989,12;111936;13,65;1675,7;18489;5,1716
20.09.2022;2.987,89;112517;13,65;1671,1;18872,4;5,1417
19.09.2022;2.983,78;111824;13,65;1678,2;19538,9;5,167
16.09.2022;2.984,44;109280;13,65;1683,5;19802,4;5,2531
15.09.2022;2.971,49;109954;13,65;1677,3;19701,7;5,247
14.09.2022;2.968,92;110547;13,65;1709,1;20222,5;5,1631
13.09.2022;2.973,51;110794;13,65;1717,4;20175,5;5,1911
12.09.2022;2.973,68;113407;13,65;1740,6;22395,3;5,093
09.09.2022;2.980,06;112300;13,65;1728,6;21365,2;5,1462
08.09.2022;2.974,43;109916;13,65;1720,2;19317,4;5,2141
06.09.2022;2.977,07;109764;13,65;1712,9;18786,4;5,2528
05.09.2022;2.980,81;112203;13,65;1712,9;19793,1;5,1516
02.09.2022;2.975,51;110864;13,65;1722,6;19952,7;5,1681
01.09.2022;2.968,97;110405;13,65;1709,3;20126,1;5,2416
31.08.2022;2.976,23;109523;13,65;1726,2;20043,9;5,1831
30.08.2022;2.957,24;110431;13,65;1736,3;19792,6;5,1223
29.08.2022;2.952,45;112323;13,65;1749,7;20295,8;5,0282
26.08.2022;2.940,71;112299;13,65;1749,8;20249,9;5,0601
25.08.2022;2.933,26;113532;13,65;1771,4;21565,4;5,1099
24.08.2022;2.929,11;112898;13,65;1761,5;21365,2;5,1114
23.08.2022;2.931,46;112857;13,65;1761,2;21517,2;5,1037
22.08.2022;2.929,78;110501;13,65;1748,4;21416,3;5,1574
19.08.2022;2.923,16;111496;13,65;1762,9;20831,3;5,1697
18.08.2022;2.920,92;113813;13,65;1771,2;23203,6;5,1674
17.08.2022;2.916,99;113708;13,65;1776,7;23338;5,1642
16.08.2022;2.908,29;113512;13,65;1789,7;23856,8;5,1459
15.08.2022;2.902,06;113032;13,65;1798,1;24101,7;5,0961
12.08.2022;2.870,95;112764;13,65;1815,5;24398,7;5,0735
11.08.2022;2.851,58;109718;13,65;1807,2;23935,3;5,1581
10.08.2022;2.832,94;110236;13,65;1813,7;23962,9;5,0927
09.08.2022;2.825,74;108651;13,65;1812,3;23146,7;5,1237
08.08.2022;2.821,16;108402;13,65;1805,2;23816,3;5,1117
05.08.2022;2.817,42;106472;13,65;1791,2;23308,2;5,1646
04.08.2022;2.811,20;105892;13,65;1806,9;22612,1;5,2164
03.08.2022;2.806,25;103775;13,15;1776,4;22820,8;5,2815
02.08.2022;2.808,65;103362;13,15;1789,7;22988,6;5,2784
01.08.2022;2.803,32;102225;13,15;1787,7;23271,2;5,1838
29.07.2022;2.814,10;103165;13,15;1781,8;23774,3;5,1734
28.07.2022;2.801,68;102597;13,15;1769,2;23850;5,1823
27.07.2022;2.794,62;101438;13,15;1728;22958,3;5,2432
26.07.2022;2.794,00;99772;13,15;1726;21248,7;5,3511
25.07.2022;2.792,96;100270;13,15;1727,1;21301,9;5,3576
22.07.2022;2.793,34;98925;13,15;1735;22675,2;5,4968
21.07.2022;2.791,03;99033;13,15;1721,1;23153;5,4968
20.07.2022;2.789,52;98287;13,15;1707,7;23215,2;5,4714
19.07.2022;2.784,13;98245;13,15;1718;23410,2;5,4135
18.07.2022;2.779,77;96916;13,15;1717,7;22525,8;5,4375
15.07.2022;2.778,14;96551;13,15;1711,6;20825,1;5,4082
14.07.2022;2.775,88;96121;13,15;1714,5;20586;5,4233
13.07.2022;2.773,14;97881;13,15;1744;20250;5,3917
12.07.2022;2.780,30;98271;13,15;1733,4;19330,9;5,4368
11.07.2022;2.786,81;98212;13,15;1740,3;19963,2;5,3782
08.07.2022;2.792,01;100289;13,15;1750,9;21611,2;5,2536
07.07.2022;2.792,59;100730;13,15;1748,3;21637,8;5,3391
06.07.2022;2.788,63;98719;13,15;1745,1;20561,1;5,4287
05.07.2022;2.783,80;98295;13,15;1772,8;20200,6;5,3861
04.07.2022;2.793,40;98609;13,15;1763,9;20215,8;5,3293
01.07.2022;2.792,12;98954;13,15;1810,4;19262,9;5,331
30.06.2022;2.795,62;98542;13,15;1816,3;19926,6;5,2562
29.06.2022;2.792,39;99622;13,15;1826,5;20111,3;5,1818
28.06.2022;2.793,71;100591;13,15;1830,3;20278;5,2675
27.06.2022;2.800,55;100764;13,15;1833,9;20730,2;5,2366
24.06.2022;2.802,37;98672;13,15;1839,3;21226,9;5,2417
23.06.2022;2.802,66;98080;13,15;1838,6;21100,7;5,2406
22.06.2022;2.808,42;99522;13,15;1847,4;19965,8;5,194
21.06.2022;2.813,08;99685;13,15;1847,8;20720,4;5,1257
20.06.2022;2.811,25;99853;13,15;1838,8;20572,3;5,188
17.06.2022;2.802,02;99825;13,15;1849,6;20444,6;5,1518
15.06.2022;2.804,38;102807;12,65;1828,6;22577,9;5,0536
14.06.2022;2.801,27;102063;12,65;1822,4;22157,3;5,1168
13.06.2022;2.802,54;102598;12,65;1840,2;22448;5,1154
10.06.2022;2.813,64;105481;12,65;1883,9;29083,3;4,9865
09.06.2022;2.817,79;107094;12,65;1861,2;30097,8;4,9063
08.06.2022;2.822,80;108368;12,65;1865;30201,6;4,8988
07.06.2022;2.824,87;110070;12,65;1860,5;31128,8;4,8696
06.06.2022;2.829,29;110186;12,65;1851,9;31367,6;4,7945
03.06.2022;2.830,26;111102;12,65;1858,3;29700,9;4,7734
02.06.2022;2.826,25;112393;12,65;1879,4;30455,5;4,7962
01.06.2022;2.823,08;111360;12,65;1856,7;29798,5;4,8151
31.05.2022;2.820,45;111351;12,65;1856,3;31793,4;4,7315
30.05.2022;2.812,62;111032;12,65;1848,4;31723,3;4,7526
27.05.2022;2.806,52;111942;12,65;1865;28601,2;4,7295
26.05.2022;2.795,69;111890;12,65;1853,9;29203,5;4,7677
25.05.2022;2.793,18;110580;12,65;1852,5;29540,6;4,8275
24.05.2022;2.791,10;110581;12,65;1871,4;29648,7;4,8191
23.05.2022;2.789,37;110346;12,65;1853,9;29093,3;4,813
20.05.2022;2.784,57;108488;12,65;1848,4;29178,6;4,8788
19.05.2022;2.779,16;107005;12,65;1847,8;30305,9;4,9309
18.05.2022;2.777,46;106247;12,65;1822,4;28683,7;4,9682
17.05.2022;2.776,62;108789;12,65;1825,4;30437,5;4,9387
16.05.2022;2.768,63;108233;12,65;1820,4;29849;5,0599
13.05.2022;2.771,87;106924;12,65;1814,8;29284,4;5,0602
12.05.2022;2.755,79;105688;12,65;1831,6;28976;5,1339
11.05.2022;2.763,86;104397;12,65;1861;29068,2;5,1373
10.05.2022;2.768,12;103110;12,65;1848,4;31007,5;5,1313
09.05.2022;2.769,80;103250;12,65;1865,9;30095;5,1617
06.05.2022;2.779,36;105135;12,65;1890,2;36009;5,0774
05.05.2022;2.782,46;105304;12,65;1883;36544;5,028
04.05.2022;2.787,91;108344;11,65;1876,2;39688;4,9198
03.05.2022;2.794,89;106528;11,65;1877,8;37718;4,9584
02.05.2022;2.798,16;106639;11,65;1870,6;38514;5,0848
29.04.2022;2.813,06;107876;11,65;1918,6;38581;4,9721
28.04.2022;2.804,83;109919;11,65;1898,3;39748;4,9425
27.04.2022;2.801,20;109349;11,65;1895,6;39243;4,9651
26.04.2022;2.801,99;108213;11,65;1911,1;38113;4,9989
25.04.2022;2.805,31;110685;11,65;1903;40427;4,8766
22.04.2022;2.810,29;111078;11,65;1941,4;39709;4,7937
20.04.2022;2.808,21;114344;11,65;1962,3;41368;4,6219
19.04.2022;2.805,38;115057;11,65;1965,8;41503;4,6675
18.04.2022;2.801,91;115687;11,65;1993,3;40803;4,6527
14.04.2022;2.808,60;116182;11,65;1981,6;39936;4,7013
13.04.2022;2.803,59;116782;11,65;1991,5;41133;4,6899
12.04.2022;2.808,97;116147;11,65;1983;40078;4,6735
11.04.2022;2.807,58;116953;11,65;1955;39497;4,6944
08.04.2022;2.808,83;118322;11,65;1952,2;42275;4,697
07.04.2022;2.805,35;118862;11,65;1944,2;43448;4,7524
06.04.2022;2.803,89;118228;11,65;1929,3;43173;4,7161
05.04.2022;2.805,60;118885;11,65;1933,5;45506;4,6506
04.04.2022;2.807,19;121280;11,65;1939,7;46629;4,5928
01.04.2022;2.798,71;121570;11,65;1929,2;46297;4,6575
31.03.2022;2.779,97;119999;11,65;1959,5;45525;4,739
30.03.2022;2.772,17;120260;11,65;1944,1;47075;4,7685
29.03.2022;2.762,05;120014;11,65;1918;47449;4,7561
28.03.2022;2.748,26;118738;11,65;1944,7;47105;4,7675
25.03.2022;2.748,27;119081;11,65;1959,8;44331;4,742
24.03.2022;2.732,68;119053;11,65;1967,7;44013;4,8253
23.03.2022;2.734,59;117457;11,65;1942,6;42912;4,8258
22.03.2022;2.730,52;117272;11,65;1926,7;42373;4,9094
21.03.2022;2.720,15;116155;11,65;1934,8;41022;4,9354
18.03.2022;2.719,17;115311;11,65;1933,9;41767,8;5,0231
17.03.2022;2.708,51;113076;11,65;1948,2;40914,8;5,039
16.03.2022;2.710,31;111112;10,65;1914,3;41118,7;5,0757
15.03.2022;2.707,76;108959;10,65;1934,7;39285,7;5,1631
14.03.2022;2.704,57;109928;10,65;1965,5;39671,1;5,1193
11.03.2022;2.719,78;111713;10,65;1989,4;38730,2;5,0745
10.03.2022;2.724,42;113663;10,65;2004,5;39416,3;5,011
09.03.2022;2.724,80;113900;10,65;1991,7;41929;5,0123
08.03.2022;2.725,71;111203;10,65;2046,7;38744,8;5,0599
07.03.2022;2.730,86;111593;10,65;1999,2;38024,8;5,1115
04.03.2022;2.741,72;114474;10,65;1969,9;39142,7;5,062
03.03.2022;2.742,02;115166;10,65;1939,3;42463;5,032
02.03.2022;2.736,58;115174;10,65;1925,6;43912,8;5,0995
25.02.2022;2.741,15;113142;10,65;1890,8;39209,6;5,1623
24.02.2022;2.709,75;111592;10,65;1929,4;38339,2;5,1231
23.02.2022;2.729,33;112008;10,65;1913,7;37224,6;5,0097
22.02.2022;2.733,35;112892;10,65;1910,7;38248,2;5,0583
21.02.2022;2.741,59;111725;10,65;1907,4;37017,7;5,1036
18.02.2022;2.751,56;112880;10,65;1903,1;40000,1;5,1385
17.02.2022;2.746,55;113528;10,65;1905,3;40552,8;5,1718
16.02.2022;2.747,53;115181;10,65;1874,9;43883,6;5,1365
15.02.2022;2.750,97;114828;10,65;1859,6;44544,4;5,159
14.02.2022;2.753,16;113899;10,65;1872,8;42550,3;5,2149
11.02.2022;2.762,70;113572;10,65;1845,5;42388,4;5,2527
10.02.2022;2.761,03;113368;10,65;1840,7;43521;5,2496
09.02.2022;2.763,76;112461;10,65;1839,7;44388,9;5,2354
08.02.2022;2.762,57;112234;10,65;1831;44038,2;5,2593
07.02.2022;2.765,64;111996;10,65;1824,7;43833,9;5,2636
04.02.2022;2.771,91;112245;10,65;1810,8;41567,6;5,3279
03.02.2022;2.767,59;111696;10,65;1807;37287,8;5,2839
02.02.2022;2.771,01;111894;9,15;1813,2;36890,2;5,262
01.02.2022;2.776,61;113228;9,15;1804,3;38709,7;5,2655
31.01.2022;2.776,92;112144;9,15;1799,2;38498,6;5,3041
28.01.2022;2.769,90;111910;9,15;1789,3;37745,1;5,3674
27.01.2022;2.767,02;112612;9,15;1795;37164,3;5,4065
26.01.2022;2.772,94;111289;9,15;1832;36800,4;5,4324
25.01.2022;2.792,61;110204;9,15;1855;36950,6;5,4437
24.01.2022;2.799,78;107937;9,15;1844,2;36686,3;5,4877
21.01.2022;2.810,25;108942;9,15;1834,1;36475,5;5,4582
20.01.2022;2.804,56;109102;9,15;1844,9;40715,9;5,4191
19.01.2022;2.807,06;108013;9,15;1845,5;41677,8;5,4383
18.01.2022;2.802,02;106668;9,15;1814,9;42364,6;5,5666
17.01.2022;2.795,85;106374;9,15;1812,4;42209,3;5,5165
14.01.2022;2.782,90;106928;9,15;1819;43073,3;5,5344
13.01.2022;2.764,60;105530;9,15;1823,9;42560;5,5286
12.01.2022;2.764,28;105686;9,15;1829,8;43901;5,5338
11.01.2022;2.754,41;103779;9,15;1821;42733,2;5,5686
10.01.2022;2.752,14;101945;9,15;1801,3;41832,2;5,6633
07.01.2022;2.759,57;102719;9,15;1799,9;41546,7;5,6355
06.01.2022;2.757,29;101561;9,15;1791,5;43097,5;5,6834
05.01.2022;2.760,14;101006;9,15;1827,5;43425,9;5,7087
04.01.2022;2.787,26;103514;9,15;1817;45837,3;5,677
03.01.2022;2.789,14;103922;9,15;1802,4;46430,2;5,6818
30.12.2021;2.804,79;104822;9,15;1816,6;47123,3;5,571
29.12.2021;2.789,32;104107;9,15;1808,2;46461,7;5,7032
28.12.2021;2.768,02;104864;9,15;1813,3;47545,2;5,6283
27.12.2021;2.743,68;105554;9,15;1811,1;50678,2;5,6249
23.12.2021;2.724,60;104891;9,15;1814;50801;5,6749
22.12.2021;2.706,64;105244;9,15;1804,6;48599,7;5,654
21.12.2021;2.703,24;105500;9,15;1791,1;48902;5,7451
20.12.2021;2.695,05;105020;9,15;1796,9;46895,2;5,742
17.12.2021;2.694,73;107201;9,15;1807,3;46172,2;5,6959
16.12.2021;2.681,35;108326;9,15;1800,7;47628,2;5,6884
15.12.2021;2.676,14;107431;9,15;1766,9;48871,5;5,6806
14.12.2021;2.668,73;106760;9,15;1774,7;48366,5;5,6815
13.12.2021;2.673,92;107383;9,15;1790,6;46703,6;5,6804
10.12.2021;2.673,94;107758;9,15;1787;47137,2;5,6127
09.12.2021;2.669,06;106291;9,15;1778,9;47596,6;5,5727
08.12.2021;2.673,21;108096;7,65;1787,6;50473,9;5,5327
07.12.2021;2.660,89;107558;7,65;1786,8;50595,2;5,6128
06.12.2021;2.643,10;106859;7,65;1781,5;50562,1;5,6891
03.12.2021;2.610,67;105070;7,65;1785,8;53631,5;5,6532
02.12.2021;2.582,87;104466;7,65;1764,7;56496;5,6462
01.12.2021;2.581,29;100775;7,65;1786,3;57210,3;5,6955
30.11.2021;2.578,40;101915;7,65;1778,3;56882,9;5,6239
29.11.2021;2.563,76;102814;7,65;1787,1;57794,8;5,6017
26.11.2021;2.541,52;102224;7,65;1788,1;53730,9;5,6093
25.11.2021;2.545,98;105811;7,65;1785,5;58935,1;5,5664
24.11.2021;2.546,87;104514;7,65;1786,9;57171,7;5,6061
23.11.2021;2.563,61;103654;7,65;1786,3;57573,2;5,5712
22.11.2021;2.581,43;102122;7,65;1809,1;56308,8;5,5865
19.11.2021;2.594,13;103035;7,65;1854,3;58083,4;5,6135
18.11.2021;2.591,02;102426;7,65;1864;56955,3;5,5576
17.11.2021;2.603,62;102948;7,65;1872,8;60367,8;5,5292
16.11.2021;2.612,67;104404;7,65;1856,7;60089,1;5,5028
12.11.2021;2.617,76;106335;7,65;1870,8;64134,5;5,4588
11.11.2021;2.621,88;107595;7,65;1866,3;64806,7;5,3989
10.11.2021;2.627,20;105968;7,65;1850,6;64932,6;5,491
09.11.2021;2.627,19;105535;7,65;1832,9;66904,4;5,4804
08.11.2021;2.640,44;104781;7,65;1830,2;67527,9;5,544
05.11.2021;2.654,89;104824;7,65;1819;60974,3;5,5428
04.11.2021;2.655,40;103412;7,65;1795,6;61412,6;5,602
03.11.2021;2.664,97;105617;7,65;1766;62918,5;5,5525
01.11.2021;2.673,23;105551;7,65;1797,9;60915,3;5,6815
29.10.2021;2.675,68;103501;7,65;1785,9;62242,8;5,6372
28.10.2021;2.673,93;105705;7,65;1804,7;60582,5;5,6464
27.10.2021;2.680,78;106363;6,15;1800,8;58438,1;5,538
26.10.2021;2.693,64;106420;6,15;1795,4;60310,8;5,5666
25.10.2021;2.708,00;108715;6,15;1808,8;63067;5,5563
22.10.2021;2.712,38;106296;6,15;1798,3;60690,3;5,6474
21.10.2021;2.724,94;107735;6,15;1783,8;62210,2;5,6577
20.10.2021;2.738,39;110786;6,15;1786,8;65979,1;5,5975
19.10.2021;2.740,06;110673;6,15;1772,4;64278,5;5,5844
18.10.2021;2.747,55;114428;6,15;1767,6;62056,3;5,5117
15.10.2021;2.743,93;114648;6,15;1770,2;61672,5;5,4611
14.10.2021;2.732,67;113185;6,15;1799,8;57345,8;5,5132
13.10.2021;2.727,86;113456;6,15;1796,7;57380,1;5,5133
11.10.2021;2.727,06;112180;6,15;1757,7;57477,3;5,5367
08.10.2021;2.716,47;112833;6,15;1759,4;53914,7;5,5082
07.10.2021;2.710,86;110585;6,15;1761,1;53783,9;5,5188
06.10.2021;2.711,00;110560;6,15;1763,7;55323,2;5,4912
05.10.2021;2.707,94;110458;6,15;1762,8;51469,3;5,4748
04.10.2021;2.707,39;110393;6,15;1769,4;49227,3;5,4535
01.10.2021;2.714,62;112900;6,15;1760,1;48146;5,3628
30.09.2021;2.715,67;110979;6,15;1758,5;43823,3;5,4428
29.09.2021;2.700,36;111107;6,15;1724,9;41536,8;5,4152
28.09.2021;2.700,32;110124;6,15;1737,5;41022,3;5,4293
27.09.2021;2.711,76;113583;6,15;1752;42172,6;5,3914
24.09.2021;2.709,40;113283;6,15;1751,7;42819,9;5,3344
23.09.2021;2.705,38;114064;6,15;1749,8;44869,2;5,303
22.09.2021;2.702,50;112282;5,15;1778,8;43551,6;5,2888
21.09.2021;2.699,37;110250;5,15;1778,2;40651,3;5,2699
20.09.2021;2.700,59;108844;5,15;1763,8;42870,6;5,324
17.09.2021;2.729,83;111439;5,15;1751,4;47282,8;5,2883
16.09.2021;2.727,68;113794;5,15;1756,7;47748;5,2535
15.09.2021;2.730,93;115063;5,15;1794,8;48130,6;5,2219
14.09.2021;2.728,31;116181;5,15;1807,1;47077,5;5,2398
13.09.2021;2.727,50;116404;5,15;1794,4;44949,5;5,2144
10.09.2021;2.727,91;114286;5,15;1792,1;44842,8;5,2454
09.09.2021;2.720,14;115361;5,15;1800;46385,6;5,1976
08.09.2021;2.715,09;113413;5,15;1793,5;46061,4;5,3214
06.09.2021;2.732,95;117869;5,15;1798,5;52672,1;5,1693
03.09.2021;2.733,24;116933;5,15;1833,7;49999;5,1908
02.09.2021;2.745,42;116677;5,15;1811,5;49274,3;5,1819
01.09.2021;2.750,74;119396;5,15;1816;48819,4;5,1858
31.08.2021;2.749,84;118781;5,15;1818,1;47130,4;5,1492
30.08.2021;2.741,19;119740;5,15;1812,2;46992,7;5,184
27.08.2021;2.731,21;120678;5,15;1819,5;49064,3;5,1996
26.08.2021;2.723,55;118724;5,15;1795,2;46831,6;5,2522
25.08.2021;2.720,95;120818;5,15;1791;48994,5;5,2117
24.08.2021;2.720,60;120211;5,15;1808,5;47714,7;5,2463
23.08.2021;2.719,43;117472;5,15;1806,3;49539,7;5,3802
20.08.2021;2.705,34;118053;5,15;1784;49324;5,377
19.08.2021;2.690,63;117165;5,15;1783,1;46755,9;5,4142
18.08.2021;2.703,40;116643;5,15;1784,4;44723,8;5,3794
17.08.2021;2.708,30;117904;5,15;1787,8;44691,6;5,2948
16.08.2021;2.725,10;119180;5,15;1789,8;45996,3;5,2595
13.08.2021;2.741,11;121194;5,15;1778,2;47809,1;5,2466
12.08.2021;2.722,32;120701;5,15;1751,8;44403,4;5,2524
11.08.2021;2.739,91;122056;5,15;1753,3;45564,3;5,2185
10.08.2021;2.755,49;122202;5,15;1731,7;45593,8;5,1895
09.08.2021;2.769,53;123019;5,15;1726,5;46284,3;5,2331
06.08.2021;2.778,56;122810;5,15;1763,1;42795,4;5,2301
05.08.2021;2.781,02;121633;5,15;1808,9;40867,2;5,2488
04.08.2021;2.792,66;121801;4,15;1814,5;39736,9;5,1685
03.08.2021;2.800,61;123577;4,15;1814,1;38130,3;5,1967
02.08.2021;2.812,66;122516;4,15;1822,2;39168,4;5,1747
30.07.2021;2.824,12;121801;4,15;1817,2;42203,4;5,2123
29.07.2021;2.818,91;125675;4,15;1835,8;40001,4;5,0812
28.07.2021;2.816,91;126286;4,15;1801,8;40003,2;5,1157
27.07.2021;2.817,51;124612;4,15;1801,7;39452;5,169
26.07.2021;2.825,37;126004;4,15;1801,1;37276,6;5,1761
23.07.2021;2.828,23;125053;4,15;1803,6;33603,3;5,2006
22.07.2021;2.834,13;126147;4,15;1807,1;32298,9;5,2003
21.07.2021;2.837,73;125929;4,15;1805,1;32131,4;5,1874
20.07.2021;2.839,66;125401;4,15;1813,1;29793,8;5,2205
19.07.2021;2.836,18;124395;4,15;1810,9;30837,2;5,2519
16.07.2021;2.841,35;125960;4,15;1816,7;31394;5,1147
15.07.2021;2.838,73;127468;4,15;1830,8;31840,5;5,11
14.07.2021;2.830,85;128407;4,15;1826,7;32820,7;5,0706
13.07.2021;2.823,81;128168;4,15;1811,7;32728,1;5,1622
12.07.2021;2.797,90;127594;4,15;1807,6;33113;5,173
08.07.2021;2.762,03;125428;4,15;1801,9;32866,3;5,2579
07.07.2021;2.762,35;127019;4,15;1803,9;33867,8;5,2315
06.07.2021;2.761,49;125095;4,15;1795,9;34225,6;5,1969
05.07.2021;2.755,59;126920;4,15;1794,2;33687,8;5,091
02.07.2021;2.760,17;127622;4,15;1785,2;33813,4;5,0575
01.07.2021;2.754,03;125666;4,15;1778,5;33543,6;5,0476
30.06.2021;2.754,89;126802;4,15;1773,5;35026,9;4,9686
29.06.2021;2.746,10;127327;4,15;1765,4;35834,7;4,9559
28.06.2021;2.705,84;127429;4,15;1782,7;34475,9;4,9244
25.06.2021;2.725,08;127256;4,15;1779,8;31594;4,9335
24.06.2021;2.781,25;129514;4,15;1778,7;34665,8;4,9137
23.06.2021;2.780,49;128428;4,15;1785,3;33674,3;4,9667
22.06.2021;2.797,57;128767;4,15;1779,3;32496,4;4,9574
21.06.2021;2.811,17;129265;4,15;1784,8;31692;5,013
18.06.2021;2.813,31;128405;4,15;1770,9;35749,4;5,0894
17.06.2021;2.812,84;128057;4,15;1776,7;38052;5,0059
16.06.2021;2.815,53;129259;3,4;1863,4;38336;5,0545
15.06.2021;2.819,37;130091;3,4;1858,4;40156,1;5,0437
14.06.2021;2.821,96;130208;3,4;1867,9;40529,4;5,0601
11.06.2021;2.828,76;129441;3,4;1881,7;37314,6;5,1171
10.06.2021;2.831,30;130076;3,4;1898,3;36649,4;5,0552
09.06.2021;2.831,97;129907;3,4;1897,5;37332,2;5,0621
08.06.2021;2.829,65;129787;3,4;1896,4;33382,9;5,0325
07.06.2021;2.827,51;130776;3,4;1900,6;33578;5,0451
04.06.2021;2.827,76;130126;3,4;1893,8;36851,3;5,0495
02.06.2021;2.821,95;129601;3,4;1911,7;37555,8;5,0754
01.06.2021;2.811,56;128267;3,4;1906,9;36687,6;5,1509
31.05.2021;2.816,46;126216;3,4;1905;37298,6;5,2172
28.05.2021;2.811,62;125561;3,4;1906,9;35662,5;5,2244
27.05.2021;2.792,67;124367;3,4;1900,1;38417,3;5,2383
26.05.2021;2.788,35;123989;3,4;1903,8;39249,2;5,3115
25.05.2021;2.799,18;122988;3,4;1900,5;38378,3;5,3312
24.05.2021;2.802,82;124032;3,4;1886,7;38750,6;5,3175
21.05.2021;2.804,05;122592;3,4;1878,9;37297,4;5,3617
20.05.2021;2.806,47;122701;3,4;1883,9;40717,2;5,2825
19.05.2021;2.801,32;122636;3,4;1883,4;36720,5;5,3094
18.05.2021;2.808,13;122980;3,4;1870,1;42897,3;5,2605
17.05.2021;2.811,10;122938;3,4;1869,6;43541,3;5,2729
14.05.2021;2.826,10;121881;3,4;1840;49839,8;5,2728
13.05.2021;2.827,60;120706;3,4;1826,1;49704,6;5,309
12.05.2021;2.831,09;119710;3,4;1824,8;49384,2;5,3061
11.05.2021;2.839,40;122964;3,4;1838,1;56695,7;5,2208
10.05.2021;2.846,28;121909;3,4;1839,8;55848,9;5,2272
07.05.2021;2.856,63;122038;3,4;1833,5;57337,2;5,2368
06.05.2021;2.855,28;119921;3,4;1817,9;56405,4;5,276
05.05.2021;2.855,05;119564;2,65;1786,5;57441,3;5,3542
04.05.2021;2.856,22;117712;2,65;1778,2;53741,5;5,4435
03.05.2021;2.862,43;119209;2,65;1794;57169,8;5,442
30.04.2021;2.861,15;118894;2,65;1769,8;57720,3;5,4366
29.04.2021;2.849,01;120066;2,65;1770,5;53560,8;5,3375
28.04.2021;2.842,39;121053;2,65;1776,1;54841,4;5,343
27.04.2021;2.845,36;119388;2,65;1781;55036,5;5,449
26.04.2021;2.844,48;120595;2,65;1782,3;54020,5;5,4364
23.04.2021;2.844,63;120530;2,65;1779,9;51143,6;5,4751
22.04.2021;2.839,26;119371;2,65;1784;51729,5;5,4448
20.04.2021;2.841,92;120062;2,65;1780,4;56483,2;5,5687
19.04.2021;2.840,80;120934;2,65;1772,7;55646,1;5,5461
16.04.2021;2.847,43;121114;2,65;1782,2;61379,7;5,5883
15.04.2021;2.843,51;120701;2,65;1768,8;63216;5,6162
14.04.2021;2.840,54;120295;2,65;1738,2;62980,4;5,6526
13.04.2021;2.843,37;119297;2,65;1749,5;63540,9;5,7166
12.04.2021;2.845,01;118812;2,65;1734,6;59863,8;5,7333
09.04.2021;2.849,29;117670;2,65;1746,8;58118,7;5,6821
08.04.2021;2.842,59;118313;2,65;1760,3;58077,4;5,572
07.04.2021;2.843,30;117624;2,65;1743,6;55948,7;5,6143
06.04.2021;2.843,98;117499;2,65;1745;57996,3;5,5904
05.04.2021;2.847,64;117518;2,65;1730,7;58993,4;5,6632
01.04.2021;2.850,01;115253;2,65;1730,3;58718,3;5,7071
31.03.2021;2.846,77;116634;2,65;1717,5;58763,7;5,6315
30.03.2021;2.831,81;116850;2,65;1687,9;58771,3;5,7745
29.03.2021;2.818,90;115419;2,65;1714,6;57616,2;5,7799
26.03.2021;2.817,70;114781;2,65;1734,7;55036,1;5,7566
25.03.2021;2.813,80;113750;2,65;1727,3;51322,3;5,6475
24.03.2021;2.814,61;112064;2,65;1735,5;52325,4;5,6209
23.03.2021;2.813,96;113262;2,65;1727,5;54452,5;5,5214
22.03.2021;2.815,54;114979;2,65;1740,4;54158,3;5,5045
19.03.2021;2.819,14;116222;2,65;1743,9;58088;5,4917
18.03.2021;2.808,71;114835;2,65;1734,6;57656;5,5604
17.03.2021;2.817,20;116549;1,9;1729,2;58913,5;5,5832
16.03.2021;2.822,95;114019;1,9;1733,2;56889,7;5,6246
15.03.2021;2.830,93;114851;1,9;1731,8;55791,3;5,6156
12.03.2021;2.838,26;114160;1,9;1722,4;57265,1;5,5518
11.03.2021;2.837,05;114984;1,9;1725,2;57799,5;5,5357
10.03.2021;2.833,63;112776;1,9;1724,5;55851,9;5,672
09.03.2021;2.842,75;111331;1,9;1719,7;54879;5,8025
08.03.2021;2.845,42;110612;1,9;1680,8;52311;5,8755
05.03.2021;2.852,68;115202;1,9;1701,6;48792,5;5,6908
04.03.2021;2.847,69;112690;1,9;1703,7;48428;5,6693
03.03.2021;2.848,75;111184;1,9;1718,7;50395,1;5,6193
02.03.2021;2.858,81;111540;1,9;1736,5;48424,2;5,6761
01.03.2021;2.877,22;110335;1,9;1725,8;49595,5;5,6418
26.02.2021;2.886,53;110035;1,9;1731,6;46345,6;5,5986
25.02.2021;2.893,80;112256;1,9;1778,4;46928,5;5,5308
24.02.2021;2.892,00;115668;1,9;1800,8;49697,5;5,4062
23.02.2021;2.890,43;115227;1,9;1808,6;48911,2;5,4409
22.02.2021;2.874,92;112668;1,9;1811,2;54111,8;5,4659
19.02.2021;2.893,97;118431;1,9;1780,3;55906,6;5,3823
18.02.2021;2.890,77;119199;1,9;1778;51582,2;5,427
17.02.2021;2.895,40;120356;1,9;1775,8;52079,2;5,4105
12.02.2021;2.897,24;119429;1,9;1826;47371,7;5,3698
11.02.2021;2.893,98;119300;1,9;1829,8;47990,7;5,3665
10.02.2021;2.892,16;118435;1,9;1845,6;44836;5,386
09.02.2021;2.892,10;119472;1,9;1840,2;46508,6;5,3781
08.02.2021;2.892,19;119696;1,9;1836,8;46395,7;5,3657
05.02.2021;2.894,79;120240;1,9;1815,6;38297,6;5,3704
04.02.2021;2.883,22;119261;1,9;1793,8;36982,1;5,4266
03.02.2021;2.881,84;119725;1,9;1837,6;37646,8;5,3534
02.02.2021;2.880,70;118234;1,9;1835,8;35485,2;5,368
01.02.2021;2.874,91;117518;1,9;1866;33515,7;5,4322
29.01.2021;2.879,45;115068;1,9;1852,7;34301,8;5,4625
28.01.2021;2.872,16;118883;1,9;1843,7;33374,8;5,441
27.01.2021;2.861,18;115882;1,9;1848,9;30404;5,4138
26.01.2021;2.861,74;116464;1,9;1854,8;32502,1;5,3552
22.01.2021;2.862,97;117380;1,9;1859,9;33000,5;5,4666
21.01.2021;2.870,60;118329;1,9;1869,3;30842,1;5,3506
20.01.2021;2.870,21;119646;1,9;1870,2;35476,3;5,2917
19.01.2021;2.866,30;120636;1,9;1844;36002,9;5,3578
18.01.2021;2.860,21;121242;1,9;1840,2;36613,2;5,2957
15.01.2021;2.857,94;120349;1,9;1833,7;36845,8;5,2927
14.01.2021;2.854,99;123481;1,9;1855,4;39175,7;5,1967
13.01.2021;2.851,86;121933;1,9;1858,8;37382,2;5,299
12.01.2021;2.855,47;123998;1,9;1848,2;34076,1;5,3226
11.01.2021;2.863,80;123255;1,9;1854,9;35544,3;5,489
08.01.2021;2.867,40;125077;1,9;1839,7;40599,3;5,4178
07.01.2021;2.863,51;122386;1,9;1918;39460,2;5,4101
06.01.2021;2.869,74;119100;1,9;1913;36793,2;5,3139
05.01.2021;2.867,53;119376;1,9;1958,8;33991,5;5,2854
04.01.2021;2.867,47;118855;1,9;1951,1;32022,6;5,2968
30.12.2020;2.870,15;119017;1,9;1897,8;28868,7;5,1937
29.12.2020;2.855,04;119409;1,9;1887,3;27376;5,2099
28.12.2020;2.834,64;119124;1,9;1884,8;27057,8;5,2461
23.12.2020;2.828,44;117807;1,9;1882,3;23257,9;5,2164
22.12.2020;2.807,15;116636;1,9;1874,5;23823,2;5,1597
21.12.2020;2.794,56;115823;1,9;1887;22728,5;5,1222
18.12.2020;2.794,43;118024;1,9;1893;23127,9;5,1022
17.12.2020;2.775,78;118401;1,9;1894,5;22825,4;5,0582
16.12.2020;2.770,64;117857;1,9;1863;21352,2;5,0838
15.12.2020;2.767,43;116149;1,9;1859,4;19434,9;5,0842
14.12.2020;2.761,41;114611;1,9;1836,1;19273,8;5,1189
11.12.2020;2.768,67;115128;1,9;1847,6;18023,6;5,0656
10.12.2020;2.767,58;115129;1,9;1841,5;18247,2;5,0256
09.12.2020;2.770,66;113001;1,9;1842,6;18546;5,1708
08.12.2020;2.780,00;113793;1,9;1879,1;18326,6;5,1202
07.12.2020;2.783,24;113590;1,9;1870,1;19170,7;5,099
04.12.2020;2.794,18;113750;1,9;1844;18658,1;5,1557
03.12.2020;2.800,62;112292;1,9;1844,7;19433,3;5,1515
02.12.2020;2.797,73;111879;1,9;1833,9;19218,8;5,2175
01.12.2020;2.803,51;111400;1,9;1822,8;18770,7;5,2061
30.11.2020;2.808,56;108893;1,9;1784,8;19698,1;5,3319
27.11.2020;2.811,53;110575;1,9;1792,1;17127,1;5,3438
26.11.2020;2.800,38;110227;1,9;1788,1;17162;5,3365
25.11.2020;2.799,50;110133;1,9;1811,2;18723;5,3237
24.11.2020;2.796,51;109786;1,9;1810,9;19152,6;5,3736
23.11.2020;2.796,93;107379;1,9;1844,1;18379,6;5,439
20.11.2020;2.796,04;106042;1,9;1878,2;18675,2;5,3797
19.11.2020;2.794,79;106670;1,9;1866,9;17803,5;5,3054
18.11.2020;2.800,89;106119;1,9;1879,2;17774,6;5,3629
17.11.2020;2.802,81;107249;1,9;1891,3;17662,3;5,3281
16.11.2020;2.802,89;106430;1,9;1894,1;16715,8;5,4152
13.11.2020;2.803,40;104723;1,9;1893;16324,2;5,4582
12.11.2020;2.801,26;102507;1,9;1880,2;16294,7;5,4581
11.11.2020;2.806,66;104809;1,9;1868,1;15695,8;5,391
10.11.2020;2.807,15;105067;1,9;1883;15303,6;5,4147
09.11.2020;2.802,95;103515;1,9;1860,6;15327,2;5,3858
06.11.2020;2.795,03;100925;1,9;1959,1;15577,9;5,3647
05.11.2020;2.785,99;100751;1,9;1953,8;15587,1;5,525
04.11.2020;2.772,49;97867;1,9;1903,1;14145,6;5,6635
03.11.2020;2.766,55;95980;1,9;1917,4;14019,9;5,756
30.10.2020;2.766,76;93952;1,9;1887,2;13559,9;5,7446
29.10.2020;2.774,58;96582;1,9;1875,2;13457,2;5,779
28.10.2020;2.772,92;95369;1,9;1886,6;13278,9;5,7457
27.10.2020;2.803,01;99606;1,9;1919,3;13657,8;5,7055
26.10.2020;2.809,86;101017;1,9;1913,2;13061,6;5,6229
23.10.2020;2.820,44;101260;1,9;1912,7;12934,1;5,6175
22.10.2020;2.826,99;101918;1,9;1912;12974,6;5,5893
21.10.2020;2.828,75;100552;1,9;1936,9;12808,7;5,6066
20.10.2020;2.823,75;100540;1,9;1922,9;11913,5;5,6054
19.10.2020;2.818,10;98658;1,9;1919,3;11753,4;5,6069
16.10.2020;2.816,83;98309;1,9;1914;11322;5,6428
15.10.2020;2.812,68;99054;1,9;1916,6;11503;5,6126
14.10.2020;2.809,74;99334;1,9;1915,1;11420,4;5,5912
13.10.2020;2.808,27;98503;1,9;1902,2;11423,8;5,5693
09.10.2020;2.807,77;97483;1,9;1933,6;11054,2;5,5318
08.10.2020;2.804,78;97920;1,9;1902,7;10924,1;5,5987
07.10.2020;2.799,27;95526;1,9;1897,7;10670,9;5,6097
06.10.2020;2.795,05;95615;1,9;1915,8;10602,6;5,593
05.10.2020;2.788,64;96089;1,9;1927;10789,5;5,5743
02.10.2020;2.794,91;94016;1,9;1914,7;10572,3;5,6851
01.10.2020;2.789,15;95479;1,9;1923,4;10620,5;5,6437
30.09.2020;2.794,88;94603;1,9;1902,6;10776,1;5,6112
29.09.2020;2.784,20;93580;1,9;1910,4;10840,9;5,6344
28.09.2020;2.782,18;94666;1,9;1882,3;10693,2;5,6627
25.09.2020;2.788,11;96999;1,9;1866,3;10688,8;5,5624
24.09.2020;2.789,57;97012;1,9;1876,9;10739,4;5,5089
23.09.2020;2.790,19;95735;1,9;1868,4;10237,3;5,5943
22.09.2020;2.788,81;97294;1,9;1907,6;10531,5;5,4704
21.09.2020;2.787,27;96991;1,9;1910,6;10416,8;5,4131
18.09.2020;2.797,82;98290;1,9;1962,1;10933;5,3876
17.09.2020;2.800,04;100098;1,9;1949,9;10941,3;5,2394
16.09.2020;2.802,76;99676;1,9;1970,5;10949,5;5,2377
15.09.2020;2.802,19;100298;1,9;1966,2;10785,3;5,2748
14.09.2020;2.792,76;100275;1,9;1963,7;10675,3;5,2706
11.09.2020;2.791,80;98363;1,9;1947,9;10390,2;5,3189
10.09.2020;2.793,01;98835;1,9;1964,3;10339,7;5,321
09.09.2020;2.788,53;101292;1,9;1954,9;10224,6;5,3078
08.09.2020;2.786,82;100050;1,9;1943,2;10126,6;5,3638
04.09.2020;2.789,02;101242;1,9;1934,3;10472,5;5,3012
03.09.2020;2.779,62;100721;1,9;1937,8;10168,8;5,2914
02.09.2020;2.782,69;101911;1,9;1944,7;11413,3;5,3403
01.09.2020;2.774,66;102168;1,9;1978,9;11914,9;5,396
31.08.2020;2.782,10;99369;1,9;1978,6;11644,2;5,4914
28.08.2020;2.781,84;102143;1,9;1974,9;11527,4;5,3881
27.08.2020;2.777,87;100624;1,9;1932,6;11327,4;5,5691
26.08.2020;2.776,67;100627;1,9;1952,5;11462,3;5,6054
25.08.2020;2.777,40;102118;1,9;1923,1;11324,8;5,5075
24.08.2020;2.780,18;102298;1,9;1939,2;11753,5;5,61
21.08.2020;2.770,66;101521;1,9;1947;11529,2;5,6192
20.08.2020;2.760,78;101468;1,9;1946,5;11856,9;5,5568
19.08.2020;2.758,46;100854;1,9;1970,3;11750,2;5,5575
18.08.2020;2.755,25;102065;1,9;2013,1;11947,6;5,4666
17.08.2020;2.748,60;99595;1,9;1998,7;12282,6;5,509
14.08.2020;2.755,67;101353;1,9;1949,8;11750,8;5,4204
13.08.2020;2.747,56;100461;1,9;1970,4;11770,9;5,369
12.08.2020;2.740,77;102118;1,9;1949;11557,2;5,4333
11.08.2020;2.745,38;102174;1,9;1946,3;11390,4;5,38
10.08.2020;2.745,67;103444;1,9;2039,7;11889,2;5,4812
07.08.2020;2.732,44;102776;1,9;2028;11592;5,4383
06.08.2020;2.712,45;104126;1,9;2069,4;11757,1;5,3315
05.08.2020;2.720,52;102802;2,15;2049,3;11735,1;5,2902
04.08.2020;2.714,29;101216;2,15;2021;11184,7;5,29
03.08.2020;2.714,27;102830;2,15;1986,3;11224,4;5,3213
31.07.2020;2.733,12;102912;2,15;1985,9;11333,4;5,224
30.07.2020;2.733,65;105009;2,15;1966,8;11096,2;5,1534
29.07.2020;2.723,24;105605;2,15;1965,3;11105,9;5,1692
28.07.2020;2.722,71;104109;2,15;1952,8;10908,5;5,1533
27.07.2020;2.722,77;104477;2,15;1941,4;11022,8;5,1447
24.07.2020;2.730,92;102382;2,15;1910,1;9546,4;5,2329
23.07.2020;2.732,84;102293;2,15;1902,2;9599,6;5,2112
22.07.2020;2.735,69;104290;2,15;1876,7;9513,7;5,1166
21.07.2020;2.732,19;104310;2,15;1853,8;9387,3;5,1713
20.07.2020;2.724,51;104426;2,15;1827,4;9162,4;5,3283
17.07.2020;2.741,64;102888;2,15;1820,9;9155,8;5,3849
16.07.2020;2.743,44;100553;2,15;1811,7;9135,3;5,3311
15.07.2020;2.746,23;101791;2,15;1826,1;9198,7;5,3698
14.07.2020;2.742,70;100440;2,15;1825,5;9253,4;5,3674
13.07.2020;2.751,18;98697;2,15;1827,8;9243,6;5,404
10.07.2020;2.766,91;100032;2,15;1815,6;9285,1;5,3238
09.07.2020;2.766,10;99160;2,15;1817,6;9235,7;5,3413
08.07.2020;2.779,58;99770;2,15;1834;9429,9;5,3422
07.07.2020;2.798,33;97761;2,15;1821,7;9256;5,379
06.07.2020;2.802,41;98937;2,15;1804,9;9339;5,3562
03.07.2020;2.813,16;96765;2,15;1793,5;9067,1;5,3158
02.07.2020;2.813,15;96235;2,15;1801;9085,1;5,3596
01.07.2020;2.816,04;96203;2,15;1790,8;9229,9;5,3174
30.06.2020;2.806,28;95056;2,15;1810;9135,4;5,4661
29.06.2020;2.787,24;95735;2,15;1790,6;9185,4;5,4034
26.06.2020;2.790,38;93834;2,15;1789,8;9160;5,484
25.06.2020;2.793,05;95983;2,15;1779,7;9247,5;5,3561
24.06.2020;2.786,72;94377;2,15;1784;9302;5,3467
23.06.2020;2.793,51;95975;2,15;1789,8;9624,6;5,1542
22.06.2020;2.792,42;95336;2,15;1774,2;9683,7;5,2524
19.06.2020;2.804,01;96572;2,15;1761;9314;5,3105
18.06.2020;2.794,67;96125;2,15;1739,9;9388,1;5,3776
17.06.2020;2.789,07;95547;2,9;1744,3;9464,6;5,2286
16.06.2020;2.783,49;93531;2,9;1745,3;9523,5;5,243
15.06.2020;2.777,82;92376;2,9;1735,7;9425,4;5,1557
12.06.2020;2.782,02;92795;2,9;1746,2;9466,6;5,0505
10.06.2020;2.799,38;94686;2,9;1730,4;9878,8;4,9732
09.06.2020;2.792,45;96747;2,9;1732,2;9768,8;4,8992
08.06.2020;2.793,52;97645;2,9;1715,7;9777,9;4,823
05.06.2020;2.772,83;94637;2,9;1694,1;9631,2;4,9585
04.06.2020;2.744,80;93829;2,9;1738,1;9794,4;5,119
03.06.2020;2.730,43;93002;2,9;1716,1;9667,2;5,0622
02.06.2020;2.704,72;91046;2,9;1743,3;9527,6;5,2014
01.06.2020;2.676,23;88620;2,9;1759,1;10189,3;5,3633
